city,avg_temp,max_temp,min_temp,dominant_weather
Bangalore,22.730000000000018,22.730000000000018,22.730000000000018,Clouds
Chennai,29.58000000000004,29.58000000000004,29.58000000000004,Mist
Delhi,28.05000000000001,28.05000000000001,28.05000000000001,Haze
Hyderabad,26.230000000000018,26.230000000000018,26.230000000000018,Clouds
Kolkata,27.970000000000027,27.970000000000027,27.970000000000027,Haze
Mumbai,29.99000000000001,29.99000000000001,29.99000000000001,Haze
